roman,arabic
MDXVII,1517
MDCCCL,1850
MMMCCXV,3215
MCXCIII,1193
MDCCCLXXXVII,1887
MDCCCXCVIII,1898
MMDCXCVII,2697
MMMCCCLXXXII,3382
MMCCVIII,2208
MMDCCXLIII,2743
MDCCCIII,1803
MLIV,1054
MCCCXLVIII,1348
MMMCXCIV,3194
MMDXCVII,2597
DCCXXII,722
DCL,650
DCCLIII,753
MMMCCCLXIII,3363
MMCCXXI,2221
MDLXXXIII,1583
CCCXLIX,349
MMMCDLXXXII,3482
MMDCCLXXXIV,2784
MMCLI,2151
MC,1100
MMMDCCCXCV,3895
CCI,201
MCCLXXXV,1285
MMMDCCLVI,3756
DXCI,591
MMLII,2052
DCCX,710
MMMCDLIX,3459
MDCCCLXXII,1872
DXIX,519
MCCCXLVI,1346
MCMXLVIII,1948
CMLXXV,975
MMMCCXCVI,3296
MDLXXIX,1579
MCLXXX,1180
MCDLIII,1453
MMMXXXV,3035
MDLXXXVII,1587
MCCXXXIX,1239
MCCXCIX,1299
MMMDCCCXVIII,3818
MMMCCCXC,3390
MCVIII,1108
CMLXVII,967
CCXCIII,293
MMMDCCCLXXXVII,3887
MMMCXIV,3114
MDCCLXXXIII,1783
CCXV,215
MMMDCCXVI,3716
MMMCLXXVI,3176
MMCCXLIII,2243
MXXXIV,1034
MMMDCCCXCIX,3899
MMDCCCLXV,2865
MDCXXXVII,1637
DCLIX,659
DXLVI,546
CMXLII,942
MMMDLVII,3557
MMMDCCCLXVIII,3868
MMDLXXX,2580
DCIII,603
DCLXXXII,682
MMDCCVI,2706
MMDCCLIX,2759
MCMXCVIII,1998
MMMXLVIII,3048
MMDCXLVIII,2648
MDLXVIII,1568
MCLXXVIII,1178
DCCCXXXIV,834
MMDCXXXII,2632
DLXXVI,576
MCLVI,1156
MMMCMXV,3915
MCV,1105
DCCCLXX,870
MCIX,1109
MMMCCCLXXXIV,3384
DCCCVII,807
MMCDLXXII,2472
MDCCXXII,1722
MDCCXXIV,1724
MMMDCCCLVI,3856
MMMCM,3900
MDCXV,1615
DCLXXXIX,689
MMCMLXXIX,2979
MDXCVI,1596
MMMCDXXXII,3432
MMMCMXCII,3992
MMMDXC,3590
MMMDCCXLI,3741
MMDCCCLXXI,2871
MMCCLXXI,2271
MMMCDXXI,3421
MMMCMLXV,3965
MMMDXXXIII,3533
MDCCXXXVII,1737
MMCCLV,2255
MMMDCXLVII,3647
CMXLV,945
MMMCLXXV,3175
CCCLXI,361
CML,950
MMMDCCLXXV,3775
MMMCDXCIV,3494
DCCCLXV,865
MMMDLXVIII,3568
MMMDI,3501
CCLXXXV,285
MMCMXCIV,2994
MMMDCCCXCVI,3896
MMMXV,3015
MMDXLVII,2547
MMCDXLIII,2443
MMDCCI,2701
CCCL,350
MDXXVIII,1528
CCLXXVIII,278
DCCIX,709
MDCXXVII,1627
MMMDCLVII,3657
CMLXXXI,981
DCLXXIV,674
DCLIV,654
MMMCMXXIV,3924
DXCIII,593
CMXXXVI,936
MMMDCCCLXXXII,3882
MMMCMLXXVI,3976
MMMDCCXXI,3721
MMMXCVII,3097
MDCCCXX,1820
MMMDXXVI,3526
MMMCMLXXIV,3974
MMMDCCXXXI,3731
MMMCDXCI,3491
CCLXXXVIII,288
MMCCXV,2215
CDXCVII,497
DCXLIV,644
MMMDCXXXVIII,3638
MXX,1020
MMMDCCCLXIII,3863
MMDCCCXXXI,2831
MMMCDXL,3440
MMDCCLX,2760
MDCCXIX,1719
CDLXII,462
MCDV,1405
MMCDXLV,2445
MMDCCLXXII,2772
CCII,202
MMMCXX,3120
DCCCLXXIII,873
MMMDXXIII,3523
MDCIX,1609
DCXXVI,626
MMCMLI,2951
CCCXXXVI,336
MMCXXVIII,2128
MMXXXVI,2036
MMDCV,2605
CMLXXX,980
MDCCXLII,1742
MMMCDXLII,3442
MMCLXXIII,2173
CMXCIV,994
MMDCCCXXII,2822
MMCXCIX,2199
MV,1005
MMCLIII,2153
MCCCIX,1309
DXLI,541
MMDXXI,2521
MMCDXXIV,2424
MMMDCVII,3607
CCCXXXIII,333
MMDCCCII,2802
MMCCXLIX,2249
MMCCLXIII,2263
MMMCCCXXXVIII,3338
MMMDCIV,3604
MMCCLX,2260
DCLXXV,675
CCCLVII,357
MDCCLXXXI,1781
MDLXIX,1569
MMCXXXI,2131
MMXCII,2092
MCMXXV,1925
DCCCLXXV,875
MMDCCCVI,2806
MMMDXXII,3522
DCLXV,665
MMMCCLXXXIV,3284
MMMDX,3510
CDLXIII,463
CDXVII,417
MMMCXXXIII,3133
MMLXVIII,2068
MDCCLIII,1753
MDCCCXLII,1842
MCCLXXXVI,1286
DCCXLV,745
MCCCX,1310
MMMCCXXVI,3226
CCXXVIII,228
MMCXCVII,2197
MMMCMLVI,3956
MCCXLI,1241
CCXII,212
MMMDXCVI,3596
MCCCLXXXV,1385
MDXL,1540
MMDCCVIII,2708
MMCCCLXXV,2375
MCMLXXXIV,1984
MDCCCLXXXIII,1883
MMMCCCLXXXI,3381
CCLIX,259
CCLXVIII,268
MMDCCCLXXXII,2882
MCDXXIX,1429
MCCCXIII,1313
MMCCL,2250
MMMDXCII,3592
MMMDCCCLXVI,3866
MDLXXIII,1573
MMLXXXVI,2086
MLXII,1062
MDLXXI,1571
MMMDCCCXXXI,3831
MDLXXXIV,1584
MMMDCX,3610
MMCDLXIX,2469
MMMCMXXVI,3926
MMDCCII,2702
MCDLXXXII,1482
MCCCXXII,1322
MDCCX,1710
MLXXVIII,1078
MMMLXXII,3072
MMDCCCXLIV,2844
MMMDLXXXVIII,3588
MMMXXXIX,3039
MMDCCCLXXIV,2874
MMDXXII,2522
MMMDCCXXXIII,3733
MDCLVIII,1658
MDXLV,1545
MDCCV,1705
MMMDCCCXXIX,3829
MMMCCXCVIII,3298
MCXIX,1119
MMDV,2505
MMCMXII,2912
MMMDCCXXIX,3729
MMCCXCIX,2299
MMDCCLXVIII,2768
MMMCXLV,3145
MMDCL,2650
MDCCLX,1760
MCCC,1300
MDCCCXXVI,1826
MMMDCXV,3615
MMDXVI,2516
MMMLXXXIII,3083
CMLII,952
CMIV,904
DL,550
MMDCXXVI,2626
MDLXXX,1580
MDCCCXXXII,1832
MMMCCCXII,3312
MMCCLIII,2253
MMDCCXXXVIII,2738
MCCCXVIII,1318
MMMDCLXXI,3671
DCCCLXXXII,882
MCMIX,1909
MMCCXIX,2219
MMDCLV,2655
MMDCXLVII,2647
MMDCIV,2604
MMMCCLXVIII,3268
MCXCI,1191
MMMDIII,3503
MMMCCXXX,3230
MMCDXXI,2421
MMMDCLXXXII,3682
CCC,300
MCMLXXXVII,1987
MMDCCLXVI,2766
DCXXVII,627
MCMLI,1951
MCCLI,1251
CCCVI,306
MMDCCCIV,2804
MMCCXXXI,2231
CCCXXXIV,334
MMCDXXXVIII,2438
MMMCCCLII,3352
DCCLXVIII,768
MMDCCXCII,2792
MMMDIV,3504
DXXIII,523
MMXXXV,2035
MMCDV,2405
CDVI,406
MDCXLV,1645
MCMLXIV,1964
DCCCV,805
MXXVI,1026
MMMDCCLXXI,3771
DCCCXIV,814
MMCDLXXV,2475
MMMCDX,3410
CDII,402
MMLXXXII,2082
MM,2000
MCCCXXIV,1324
MMCCXLI,2241
MMMCMXXVII,3927
MMDXXIV,2524
MCCCXLIV,1344
MMMCII,3102
MMCCLXVI,2266
MMMXXV,3025
MDCLXXXVII,1687
MMCXVI,2116
MMDCCXXXVI,2736
MMCCCXCIV,2394
DCCCXCIV,894
MMMXX,3020
MMDLXIX,2569
MMCCXVIII,2218
MMDCXLIII,2643
MMMCCCXXVIII,3328
MDLXXVI,1576
MMDCCXI,2711
MMMCCCLXXV,3375
MMCMLXXXVI,2986
CCXXII,222
CCXCIV,294
MMMCXXX,3130
MMDCXVIII,2618
MMCXX,2120
MDCCLXXX,1780
MMLXXIX,2079
MMMLXXXVI,3086
CDXCVIII,498
MXCVI,1096
MDCCCLXXVIII,1878
CCCXXII,322
MDCLXVII,1667
DCCLXXI,771
MDCC,1700
DCCCLXXXIII,883
MMDXXXVII,2537
MMMDCCCLXXVI,3876
MCCCLXVII,1367
MCCL,1250
MMCXCIII,2193
MCMLXXIV,1974
MMDCLXXXI,2681
CCLI,251
MMCDX,2410
MMDCCLXXXIII,2783
MMDXIV,2514
MMMCDXXXV,3435
MMCMXCI,2991
MCLXVI,1166
MMMDLV,3555
MCCXLIX,1249
MMMCCCXLIII,3343
MDCCXXXV,1735
MMCCCXXVII,2327
MMXCIX,2099
MMDCCX,2710
DXLIII,543
MMDLXXXVIII,2588
MMMCXXIV,3124
MMCCCLV,2355
MMMCMIX,3909
MMMDCVIII,3608
DXCVI,596
MMDCII,2602
DCCXI,711
MMMCMLXXXIV,3984
MCDXI,1411
DCXCIV,694
CCX,210
MMDCLXXX,2680
MDCCCLIV,1854
MMCXV,2115
MMMDC,3600
MMCMXXIX,2929
CCXCV,295
DCCCXLIX,849
MCMLXIII,1963
MMMCCXXIII,3223
DCXLII,642
MMCCXCIV,2294
MMMDCCVI,3706
MMMDCCCXV,3815
MMMDLIX,3559
DCCL,750
MMMCMXVII,3917
MCCXI,1211
MCDXC,1490
DCVIII,608
MMMCCCXL,3340
MXXVII,1027
MMCDLXIII,2463
DCI,601
MMMDCCLXII,3762
MMDCCCXLI,2841
MDCCCLXXIII,1873
MDLXVII,1567
MMDLXXXIX,2589
MCDXIV,1414
MDXLIX,1549
MMMDCXLIV,3644
MMMDCCCXXXIV,3834
MDXXXVI,1536
MMMCCCXLII,3342
MCD,1400
MMMDCCCLXXXI,3881
MDLXXXVIII,1588
MCCLXXVII,1277
MMMDCCCXLVIII,3848
MMMCDXCIX,3499
MDXXXVIII,1538
MMMDCCVII,3707
DCCCXCVIII,898
DLXIV,564
MMMDCXIX,3619
MMMCCCXLVIII,3348
MCCV,1205
MMCDXCIII,2493
MMCCXCVII,2297
MDCCXCI,1791
MCMLXXVI,1976
CCCLXXVII,377
MMDCCCXXIV,2824
MMDCCCXL,2840
MMDCXCII,2692
MMMDCLXXX,3680
MMMCCXXI,3221
MMMCDXCVI,3496
MMMCXLIII,3143
MDXXXIX,1539
MMMCLXIX,3169
MCCXCVII,1297
MMMDCCLXXIV,3774
DCXXXI,631
MDCLXIX,1669
MMDCCXXIX,2729
CDXVIII,418
MMDCCCLXXVI,2876
MMXXXIV,2034
MMMCCCLXXXIX,3389
MMMCD,3400
MMMCCLXXV,3275
MCDXCVI,1496
MMDXC,2590
MMMCLXXXVI,3186
MDCCLVII,1757
MMMCCLII,3252
MMCXXXV,2135
MD,1500
DCCXXIV,724
MMMCXV,3115
MDCCLXVI,1766
MCDLXXXIV,1484
MMMDLXI,3561
MMMCLI,3151
MCDLXXXI,1481
MMMCCLXXIX,3279
MMMCLXXXII,3182
MX,1010
MDCCCLXXVII,1877
MMCCCXXXVIII,2338
MMMCCLI,3251
MMCLXXIV,2174
MMMCCCLXXVII,3377
MDXIX,1519
MMMCDXXVIII,3428
CMLXXVII,977
MMCCCLXVI,2366
MMMCCCL,3350
MMMCCCXXIX,3329
ML,1050
MMMCCCLXIV,3364
MDCCCLXI,1861
DCCCLXVII,867
MCLV,1155
MMDCXLIX,2649
MMCCXX,2220
MMMCMLXVI,3966
MMDCXVII,2617
MMDCCXCI,2791
MMXLVIII,2048
MCMXIX,1919
CCXXIX,229
MCMLXXIII,1973
MMDLXXXVI,2586
MMCLXIX,2169
DCCI,701
MMMDXXVII,3527
MMDCCXCVIII,2798
MMCDLIII,2453
MMMCDXXXIV,3434
MDCCXII,1712
MMMDCCLXVI,3766
MMMDCXLVIII,3648
MMDCCXX,2720
MMMCCXXVII,3227
MMCMLXXIII,2973
MMDIX,2509
MMDCCCXCVII,2897
MLXXXIX,1089
MMDCCLXXIV,2774
MMMCMLIV,3954
MMMDCCXXXII,3732
MMCLXXXII,2182
CMXVI,916
MMDCCLIV,2754
MCDXLI,1441
MCCLXXXIX,1289
MMMDCCC,3800
MDXXXIV,1534
MMMDCCLVIII,3758
MCDXLIV,1444
MMDCCLXXVII,2777
MCMLXXXIII,1983
MMMDCXCIII,3693
MMCMXXXIV,2934
MMMXLIV,3044
MLXXXIII,1083
MMCMIX,2909
MCLXXXVIII,1188
MCDLXXIII,1473
MCDIV,1404
CCLXIII,263
MMMDXLII,3542
MDCCCLXXXVIII,1888
MMMDCLXIII,3663
DLXXXII,582
MCCCLXXXVI,1386
MMDLXVI,2566
MMMLIX,3059
CDLXXII,472
MDXXVII,1527
MMDCCXCIV,2794
MMMDLXV,3565
MMMCLVI,3156
MMMDLXVI,3566
MCCCXLI,1341
MMMCCXLIV,3244
MCXCII,1192
MMMDCCCXII,3812
MXCVII,1097
MMMDXIX,3519
DCCC,800
CMXV,915
MMMCCXC,3290
MCDLIV,1454
MMCCCLXII,2362
CCCLXXXII,382
MMCD,2400
DXXXIII,533
MMVIII,2008
CCCXVI,316
MMMCMXXXIV,3934
MDCCLXIII,1763
CMXXIV,924
MDCCLVIII,1758
MXXI,1021
MMCCXLVIII,2248
MMMDXLIX,3549
MMMDCCCVIII,3808
MCMLXXVII,1977
MMMCCCLXXVIII,3378
DCCCIII,803
MMMCMLXXXI,3981
DCCXXI,721
MMCCXII,2212
MMMCCLXX,3270
CMXXXVIII,938
MMDCLXXVII,2677
MMDXLII,2542
MDCCCLX,1860
MMMCMLXXXII,3982
MCLII,1152
MCMXXI,1921
MMDCCIV,2704
CDLXXVII,477
CMLV,955
MMDCXLI,2641
DCCCLIII,853
MCCXXV,1225
MMMCCCXCIX,3399
MDCCXXV,1725
CCCXLII,342
DCCXLVIII,748
MDCCCXXVII,1827
MMDCCCLIX,2859
MCCCLIX,1359
MMDXVIII,2518
MMDCXXXV,2635
DLXXVIII,578
CC,200
CDLXVIII,468
MMMDCLXXXIX,3689
MMMCCCXIII,3313
MMCCXXXII,2232
MMDVII,2507
DCCV,705
MMMDCCXLIV,3744
MMDCXIII,2613
MMMDLX,3560
MCDLXVI,1466
MMMCXCV,3195
CCXXIII,223
DCCCXII,812
MMDLXXXVII,2587
MMMDCXXXV,3635
MMMDLXIV,3564
DCLXXXIII,683
MDXC,1590
MMDLVII,2557
MCDXV,1415
MMDCCCXCIII,2893
MMCMXCVIII,2998
MCXLIX,1149
MDCIV,1604
MDXLI,1541
MMXXX,2030
MMMDCCLXXXV,3785
DCLXVII,667
MMCCLXXXVI,2286
MCDXXI,1421
MMMDCLXVII,3667
MCMLXXXIX,1989
DCLXXXIV,684
MMMDCCCXL,3840
DLIII,553
MMCCXXXV,2235
DCIV,604
MMDCCXIV,2714
MVII,1007
MMCLXII,2162
MMDCLXVII,2667
MDCCLXXVII,1777
MMMCMXVIII,3918
CCCLIII,353
MMCMLXXV,2975
MMMCCXXXVI,3236
DCCCXCVII,897
MMMCCCLIII,3353
MMCDLVIII,2458
DCCCXCV,895
MMMDXLVI,3546
MDCCCXXIV,1824
MMMCMLXXXVII,3987
MMMDCCXXXIX,3739
MDCCCLXXIX,1879
MMDCCXLVII,2747
CDV,405
MCLVIII,1158
DCCCIX,809
MMDCCCXXX,2830
MMCDLXXXVIII,2488
MCMXLII,1942
DXVII,517
MDXXII,1522
DCCCXXXI,831
MCLXI,1161
MCDXXX,1430
MDCCLXXXVIII,1788
DCXLIX,649
MMMDCXLVI,3646
CCXLIII,243
MCCLXXXVII,1287
MCCXXIX,1229
MMMDCLXII,3662
MCCXII,1212
MMCMLXXIV,2974
CCCXL,340
CDLXXXII,482
MMCXXII,2122
MDCXIX,1619
CDXCII,492
MMMCXIII,3113
MDCLIX,1659
DXLIX,549
MCDLIX,1459
CCCXXIII,323
MMMCCLXXXVI,3286
MMCXCV,2195
MMMCCXVIII,3218
MMCCXIV,2214
MMMCXXXV,3135
MDCXCIX,1699
DCCXC,790
DCCXXVII,727
MMDXLIII,2543
DXIV,514
MMCDXL,2440
MCXXIII,1123
CCCXCIX,399
CDXXXVIII,438
MMCCXXXIII,2233
MMCMXXX,2930
MLVIII,1058
MMMCCI,3201
MDCCXL,1740
MDCCXLVII,1747
MMCXVIII,2118
DCLX,660
MMCCCXC,2390
MMDCCCXLII,2842
MMXCVI,2096
MMMCCCLIV,3354
MMMCCX,3210
DCCCLVIII,858
CCVIII,208
MXXXIX,1039
MCLXXI,1171
MMMCDLXXXIV,3484
MDCLV,1655
MDLVI,1556
MMLXVI,2066
MMMCLXXVIII,3178
MMCCCLXXXI,2381
MCCXIII,1213
DCCXLIX,749
MMMDLXXIX,3579
MMCV,2105
MMMDCCXCIX,3799
CCCLXX,370
MMMDCXVIII,3618
DCXLV,645
CDIX,409
MMCDXCIV,2494
MMCDLI,2451
MMDCXXIV,2624
MXV,1015
MMDCCXXXII,2732
MMCCCLXXI,2371
MCCLXI,1261
MDCCCXL,1840
MCCCLXIII,1363
DLXXII,572
MCMVII,1907
MMMDCCXLVIII,3748
MMCCCLXXXIX,2389
MMDCLXXXIII,2683
MMMCCLXXVIII,3278
MCCCLXX,1370
MCDXCVIII,1498
MCMXXVII,1927
MMMDCCCLI,3851
DCCLXV,765
MMCCLXXIX,2279
MMCCCLIV,2354
MMMCDLXX,3470
MMCCLXXVIII,2278
MMCCLXXXV,2285
MCMLII,1952
MMCMLXXX,2980
CMXLIV,944
DCCLXXXI,781
MMD,2500
DCCCXXV,825
MMMXIV,3014
MMMDCCCXLIX,3849
MMMCMXCVI,3996
MMCCCLXXXV,2385
MMMDCCCXXIII,3823
MCCCLV,1355
MCMXXXVI,1936
DCIX,609
MMCCCXLVIII,2348
MMCMV,2905
MMMCXXXVI,3136
MCDXCIII,1493
MMMDCXCII,3692
DCCCLXXXV,885
MDCCXI,1711
CDXXX,430
MCXLVI,1146
MMCLXXXV,2185
MMCDXI,2411
MCCCIV,1304
MMMCCCXXVI,3326
MMMLXXXIX,3089
MMMCMLXXIII,3973
MMCCLXII,2262
MCDXIX,1419
MMMCCC,3300
MMLXIII,2063
MMMCCCLVIII,3358
MMMCCCVIII,3308
MDCCXXXIV,1734
MCMXXXIV,1934
MCCCL,1350
MMMCXXI,3121
DCCCXXXII,832
MDCCCXCV,1895
MMCCCI,2301
MCXLIV,1144
MMMXXXVIII,3038
MMMCCCX,3310
CDXLII,442
MMMCCCXXXVI,3336
MMMDCCI,3701
MMCCII,2202
MMDCCCXCVI,2896
MMDCXCVIII,2698
DLXXXVI,586
CCXXXIV,234
MCDXL,1440
MMXXIV,2024
MMMXXIV,3024
MMXI,2011
MMMDCCXLIII,3743
MMCCLI,2251
CCLVI,256
MMDCCXXXIX,2739
MMMCMLIII,3953
MCCCXXVII,1327
MMMDCCCLXXIV,3874
MMMCCLXIV,3264
MLXXII,1072
MLII,1052
MCXXXIV,1134
MCMLXXXVI,1986
CMLXXXIX,989
MMMCCCLXXXV,3385
CCLXX,270
MMDLV,2555
CDLXXVI,476
MMMCMXXXVI,3936
MMDVIII,2508
MCCXL,1240
MCXIII,1113
MMMDCLXXXVIII,3688
DCCVII,707
MMMCXCVI,3196
MMLXXI,2071
CMLXXI,971
MMCCCXXX,2330
CDVII,407
MMMDCCXCVIII,3798
CCCXIV,314
MCLXXIV,1174
MMCLXI,2161
MLX,1060
DCCCLIV,854
CDLXIX,469
MMMCCCLXXXVII,3387
MMDCCCXCII,2892
MMCDLXII,2462
MDV,1505
MMDLXXXIII,2583
MMCCCXLI,2341
MXC,1090
MMXLI,2041
CMLXXXIV,984
MMCC,2200
MMMCDLI,3451
MMMCCLXXIII,3273
CMXLVI,946
MMCDLXIV,2464
MMMLII,3052
MMLXXXI,2081
MMMCCCXIV,3314
MMMCCXCIX,3299
MMDCCXXXVII,2737
MDCCCXC,1890
MMDCXCV,2695
MMCCXXXVIII,2238
MMCMXXXVIII,2938
MMCDXLVIII,2448
MCDLXXII,1472
MMCCCLVII,2357
MMMDCXVII,3617
MMCMVI,2906
MMCCCXV,2315
MDCCXVI,1716
CCCLXXVI,376
MCLXXXII,1182
MMMDXLVIII,3548
MDCVIII,1608
MLXXXVI,1086
CDLXX,470
DLXXVII,577
MMCMXVI,2916
MMMDCCCXIII,3813
MMDLII,2552
CMXIV,914
MCCCXXXII,1332
CCCLXXX,380
DCCCXXIX,829
MCCCLXIX,1369
MMMDCCCXXXV,3835
MMM,3000
MCMLXXXVIII,1988
MDCCC,1800
MMMCMXXIII,3923
MMIX,2009
MMMLXXXIV,3084
CCCLV,355
CDXXIV,424
DCCXXXIII,733
MMCDXLVI,2446
MDCLXII,1662
MMDVI,2506
MMDCCXLV,2745
DCLXXXVIII,688
MDCCIX,1709
DCLXX,670
MMMCLXXIV,3174
MMMCCCLXVI,3366
MMMCMXXXII,3932
MDCXCI,1691
MMMCCCXXII,3322
MMCDLXXXII,2482
MDCCCXV,1815
MCCX,1210
DXVIII,518
MMCMIV,2904
DLXIII,563
CCXXV,225
DCCII,702
MXLVI,1046
MMMDCCLXXXVI,3786
MCMXCI,1991
MCXLIII,1143
MMMCMLXXXIII,3983
DLXI,561
MMXXV,2025
MDCCLXXIV,1774
MMMXXI,3021
MMMCDXVI,3416
MMDCXXXIX,2639
MMMXXVIII,3028
MDXCIX,1599
MCMLVII,1957
MCLIII,1153
MMDXCVIII,2598
MMCDIII,2403
CDLXVI,466
MCXCVIII,1198
MMMDCCXCV,3795
DXXXVII,537
MMMCDXXII,3422
MMDCCXCIII,2793
MMCCCIII,2303
MDCCLXIX,1769
MMMDCCLXX,3770
MDCCLIX,1759
MMMCMLXXXIX,3989
MMMXC,3090
MMDCC,2700
CCCLXVIII,368
MDCXXXI,1631
MCCII,1202
DCCCXVI,816
MMMCMXXXIX,3939
CCCIV,304
MCMXXXII,1932
DCXCVII,697
MMXXXIII,2033
MMMCXXXIV,3134
MMMDXXV,3525
DCCCXCIX,899
MCCLIX,1259
DXCIX,599
MCCXCIII,1293
MDCLXVI,1666
MDCLXI,1661
MMMDCCLIX,3759
MMCDXVII,2417
MMMCCCXVII,3317
MCMXXII,1922
MMMDXVI,3516
MMMDCCCXXIV,3824
MMMCCLVI,3256
MMDCCCXXXII,2832
MMCCLXV,2265
MDCLXXVIII,1678
MMMDCCCX,3810
MMXIX,2019
DCCVIII,708
MDCCCXII,1812
MLXXIII,1073
MDCLXXXVIII,1688
MMDCCCXXI,2821
MMDCCXXX,2730
MMMDXXVIII,3528
MMDCCCLXXXIII,2883
MMDCLXV,2665
MMCCXVII,2217
CCCLXVI,366
MMMCMXVI,3916
MMDCCCXXXVII,2837
MDCV,1605
MMMDCLXXII,3672
MDCCCXXII,1822
MMCMLXV,2965
MMDCLXXXVII,2687
MMMCMLXIV,3964
MMMXLII,3042
MDCXCII,1692
MMCCCXXIII,2323
MMXLIV,2044
MMMDCCXXIII,3723
CCCXXXIX,339
DIII,503
MMXCIII,2093
MMCLXXXI,2181
MMMCDVIII,3408
MMMCCLXV,3265
CCXCVI,296
DIV,504
MMDCCCLXIV,2864
MMMDCCLIII,3753
MCLXVIII,1168
MMCMLVII,2957
MMXIV,2014
MMXXXVIII,2038
MMDCCLXXXI,2781
MCXV,1115
MMCDXXXV,2435
MDCCCLII,1852
DLIV,554
MMDCLIII,2653
MMMDCLXXIV,3674
CMLI,951
CMLXX,970
DXC,590
DCCCLXXII,872
MMMDCCLIV,3754
DVIII,508
MMMDCLVIII,3658
MMMDCCCXCI,3891
MMCCCLIII,2353
MCDXVI,1416
DCCCXLIV,844
MCXCVI,1196
MMCMLVIII,2958
MLI,1051
MDII,1502
MCMXII,1912
CDXLIX,449
MXVII,1017
CCCXLIV,344
MMMCCXXXIX,3239
MDLXII,1562
MMCCCXCIX,2399
CMLXXVI,976
MCCLV,1255
DCCXXXVIII,738
MCDIII,1403
MMCCCVI,2306
DCLXXXVII,687
MMMXVIII,3018
MMMDCLIII,3653
MMCCCXCVIII,2398
MMMDCCXXII,3722
MDCXVIII,1618
MMDXCII,2592
MMDCCCXCVIII,2898
MMMCDLXXII,3472
MCDXII,1412
MCMLXVIII,1968
MDCXXVI,1626
DCLXXVIII,678
CDLX,460
MDCCLXXXVI,1786
MCCCXXVIII,1328
MMCDLXXI,2471
CCCLXXV,375
CMLIII,953
MMCCCVIII,2308
MMMCCII,3202
MMLXIX,2069
DCLXXVII,677
MDCCLXXIX,1779
MMMCCCLXXXIII,3383
CCXXIV,224
MMCCXCV,2295
DV,505
MMCCLXVIII,2268
MMMDCXXX,3630
MMMDLXXXI,3581
MCCXXIV,1224
MMCML,2950
MCLXV,1165
MMMCCXXIV,3224
MCCXLVII,1247
CCCXC,390
DCXXV,625
DCII,602
MDCLXXIV,1674
MCCLVII,1257
MMCCCLXXVIII,2378
MLXXIX,1079
DCCXCII,792
MMMCDLXXVI,3476
MCCCXXVI,1326
CCCXXIV,324
MCCCLXXII,1372
MCCCLXV,1365
MMCCCLXXIII,2373
MDCXXX,1630
MMCDLXXVII,2477
MDLXXV,1575
MCCXLII,1242
DCCXVIII,718
MMMDCCCLVII,3857
MMMCLXIII,3163
MCCLX,1260
MCLXXXVI,1186
MMCMLXXXIV,2984
MDCCCXXV,1825
MMMDCCXLVII,3747
MMCXXIV,2124
DXXII,522
MDCCXLI,1741
DXLVIII,548
MMDCLX,2660
DCCLXXXII,782
DCXII,612
MMDCCCXI,2811
MDCCCVII,1807
MMCMXL,2940
MMMDCLI,3651
MMMCCLXIII,3263
MMMCXLII,3142
MMDLXVIII,2568
CDXLVI,446
MMDXIII,2513
MMDCXXVIII,2628
MDCXLIV,1644
CCXVI,216
MMMDCXLIX,3649
CCLXXIII,273
MCMXCVI,1996
MMDCCCXCIV,2894
DCCXV,715
MMLXXXIX,2089
MMMDCCCXI,3811
MMCMVIII,2908
CCXX,220
MMDCCLV,2755
MCCLXII,1262
MMDCXI,2611
CDLVI,456
MMMDLXII,3562
CMXVIII,918
MMCCCXXIX,2329
MCDXLVII,1447
MMMCCCLXXIV,3374
MDCCLXIV,1764
MMMDLVIII,3558
MMXCI,2091
CCLXXII,272
DCLXIX,669
MMMCMXXII,3922
MXI,1011
MCXLVII,1147
MMMCDXLIX,3449
MMDCLXXXIX,2689
MMMDCCCXCVII,3897
MCCCXCVIII,1398
MMCDXII,2412
DCCLXXXV,785
MDXCIV,1594
MDCLXXI,1671
MDCCXLV,1745
MCLXXII,1172
DLX,560
CDXCV,495
CMXXII,922
MCCLXXV,1275
MDCCCLXVI,1866
MMMLXXXV,3085
MDCXIII,1613
MMMCDLXXXIII,3483
MCMLXII,1962
MMCXCI,2191
DCCCXXVIII,828
MDCCCXXXI,1831
CCLXXXII,282
MMMDCCCXXXIX,3839
MMMDCIX,3609
MMCCCLI,2351
MMMXXXVI,3036
MMMDXXIX,3529
DCCXLVII,747
MCMXLVII,1947
MMDCCXXVI,2726
MDCXXXIV,1634
MMCDXLVII,2447
CMLXXXV,985
MMMCDLII,3452
MMCMLXXXIII,2983
MMMCXLVI,3146
MMDCCCLXVI,2866
DXCVII,597
DCCCXX,820
MMCDXXIX,2429
CDLXXI,471
CDXLV,445
MMMCCXXXVII,3237
MMMDCCCXLII,3842
MLXXXII,1082
MMCMVII,2907
MMMDCXI,3611
MDCCLI,1751
MMMDCCLXV,3765
MDCCCXCII,1892
MCDLV,1455
MMMCCCXCVIII,3398
MCCXXVIII,1228
DCXCII,692
CDLIX,459
MXCI,1091
MMMCXVII,3117
CMVIII,908
MDCCCXIV,1814
MXLI,1041
MDXXX,1530
DLXXI,571
MDL,1550
MMDLIX,2559
MMCIV,2104
DCCXXVI,726
MMMXLV,3045
MMMCCVII,3207
MMDCCXXXIII,2733
DLV,555
MCCCXCI,1391
DCCCXXXVIII,838
MMMCDXC,3490
MMCL,2150
MDCCXCIV,1794
MMMDCCCXCIV,3894
MMMCI,3101
MMCMLXXI,2971
MMLIV,2054
MMLXXX,2080
MMCMXXIV,2924
MMCDXV,2415
MCCCXVI,1316
MMMXXIII,3023
DCCLXIV,764
MML,2050
DCCCXXXIII,833
CCCLXIX,369
MDCCCXXX,1830
MXLVIII,1048
DXXV,525
MMCCLVI,2256
MDLXXXIX,1589
MDCLXXXV,1685
MMMLXV,3065
DCV,605
MMMCC,3200
MMLVI,2056
DCCIII,703
MCDLXXI,1471
CDLXXIV,474
DCLXXX,680
MDXLIII,1543
CCCLXXIV,374
MDCCXCVIII,1798
MDCCIII,1703
CCXL,240
CDLXXX,480
MMMCVI,3106
DCCCXCI,891
MMMDXXXVIII,3538
MDCXCVII,1697
MMMCXXXVII,3137
MMMCMX,3910
MMCCCXXXVI,2336
MCDIX,1409
MMCDLXXXIV,2484
MMMCDXXXIII,3433
MMMCDXII,3412
MMDCLXIX,2669
CCXVII,217
MMDXCV,2595
DCXLI,641
MMDCCCLXXXIV,2884
CCXXVII,227
MCMXIV,1914
MMCLXXIX,2179
MMCMLIII,2953
MMDCCCLXI,2861
MMCDLXXXV,2485
MMXV,2015
DCCCXXIV,824
MCDLXIV,1464
MMMDCCLXXVII,3777
DXXXI,531
MMMCDLXXXIX,3489
CMLXVIII,968
MMDCCCLXXXVI,2886
MMCMXLVIII,2948
DCCCLXVI,866
MMCCLIV,2254
DXCV,595
MMMCLIX,3159
MDCXCIII,1693
MMDCXXIII,2623
CMLVI,956
DCCLXXVII,777
MMCDLVI,2456
MCMLXIX,1969
MMMCCLVII,3257
CCL,250
MMMCDIX,3409
MCCCXXIX,1329
MMCMXLV,2945
MMMLXVIII,3068
MDCCCXXIX,1829
CMXL,940
CCXXXVIII,238
DCCCLV,855
MCCXXXVII,1237
MMMXCI,3091
DCCCLXXXI,881
MCCCXXXIV,1334
MDCXL,1640
MMDCXC,2690
DCXIII,613
MMLXXXVIII,2088
MMCCCXLIX,2349
MMCDLIX,2459
MMMCCCXLIV,3344
MCMXCII,1992
MMMCCCXCVII,3397
MMDCCCXCV,2895
MCMII,1902
MMMCMXXXI,3931
MCDXXVII,1427
MCCXVII,1217
CCCXII,312
MDLXXVIII,1578
MCDXVII,1417
MMDCCL,2750
MCCCI,1301
MMMXCIII,3093
DXXVIII,528
DCCXVII,717
CDXCIX,499
DCXXXIII,633
DCXXVIII,628
MMMCDI,3401
DCXI,611
MMMCDLXIV,3464
MMMDLXXIV,3574
MMMCCXII,3212
MMMCCCVI,3306
CCCLXXVIII,378
MMDCCLVIII,2758
MCXX,1120
MMMCCLXXII,3272
MMMLXII,3062
DCCXCIII,793
MMMCLIV,3154
MCLXIII,1163
MMCLXXV,2175
MMCCCXXVIII,2328
MMDLXIV,2564
MDCLXXII,1672
MMCLXXX,2180
MMMDCXXI,3621
MMMCCLXXVI,3276
MMMCDLXIX,3469
MMMCCCLXXVI,3376
DCCCLI,851
MMCXXVII,2127
MMDXXXV,2535
MMCXXI,2121
MMMCLII,3152
MMMCCCLXXII,3372
MMCCCLXVIII,2368
DCCXCI,791
MDCCVI,1706
MMCMXXVII,2927
MMCCCXCIII,2393
MMDCCCLXIX,2869
MMDCXXXVIII,2638
CCXXXV,235
MDCCCLXXXII,1882
MMCXXIX,2129
MMMLXI,3061
MMDCCCX,2810
DCCXXXVII,737
MDCCXXIX,1729
MMCDXLI,2441
MCXXXIII,1133
MMCDLXI,2461
MLV,1055
MMCDXXVII,2427
MMMCMLXXXV,3985
MMDXLV,2545
MDCXVII,1617
MMDCCXLII,2742
MXXIV,1024
MDCXXXIII,1633
MMDXX,2520
MMDCCXIX,2719
MMCXLI,2141
MMMDCXIV,3614
MCXXXII,1132
DC,600
DCLIII,653
DCXXXIX,639
MMDCCCXII,2812
MMMDCCXVIII,3718
MCDXXXVI,1436
DCCCXC,890
MMDLXXIII,2573
MDIV,1504
MDCCCLXXX,1880
MDXIII,1513
DCCCLXXXVIII,888
DCCXCIV,794
MDCCCLXX,1870
MMMCDXLI,3441
MDCCCLXIII,1863
MMMDCCXIII,3713
CCLXXXI,281
MCCXLV,1245
MMCCLIX,2259
MMMCXCVII,3197
MMMDCCXLII,3742
MMMDCXXXIV,3634
MMLXXV,2075
CDLXXXIX,489
MCMXI,1911
MMDCCCLVII,2857
MMMDCLXXVI,3676
MMMCCXXII,3222
MDC,1600
MMDCCCLV,2855
CMLVII,957
MCMXCVII,1997
MMMCDV,3405
CMXXXI,931
MMCMXXI,2921
MMCLXX,2170
MXXXV,1035
CCCIX,309
MMMDCCXCVI,3796
MMDCCCXVIII,2818
MMCDXIX,2419
MMMCCCXVI,3316
MCDLXXVIII,1478
MCDXXXVIII,1438
MMMCCCVII,3307
MMMDCLXXXVI,3686
MMMCCLXXVII,3277
MMCMXLI,2941
CCCXXV,325
MDLXXVII,1577
MMMDLIII,3553
MMDCCCXXV,2825
MMMCDL,3450
MMMCVII,3107
MMMCMXCV,3995
MDCCLV,1755
DCCCXLII,842
MCMXVI,1916
MCCLXVI,1266
MDCXC,1690
MMMCMXLVI,3946
MDCLI,1651
MMCDXXVI,2426
MMDCCXXI,2721
MCL,1150
MDLXXXVI,1586
MMDCCLXXXVI,2786
MDCCCI,1801
MMDCCCXXXVI,2836
MMCCCXLVI,2346
MCCLXIX,1269
MMMCLXX,3170
MMMDCCCLXXXVI,3886
MMCMII,2902
DCCCXXXIX,839
MDCCLXXXVII,1787
MCCXXIII,1223
CCCXCIV,394
DLXV,565
MMMVII,3007
MCC,1200
MMCMLXXXV,2985
DXXXII,532
MLXXIV,1074
CCCXI,311
MMMDCXXVI,3626
CDXLIV,444
MMMCCXIX,3219
MCXVI,1116
MMCM,2900
MMMDCLXXIX,3679
MMMDXCIII,3593
CM,900
MCDXXIII,1423
MMCCXLII,2242
MMMLI,3051
MMCMLXXII,2972
MMDCCCLXVII,2867
MMDCCCLXXV,2875
CMVI,906
DCCCLXVIII,868
MMMDCCCLXXII,3872
MDCCLXII,1762
MDCLXXXIX,1689
MCCLIV,1254
MMMCDLXXX,3480
MDCLXXVII,1677
MMDCCLXXXVIII,2788
DXXXIX,539
MCDLXXXVI,1486
MMDCCXVI,2716
MCLI,1151
DCCCXLVIII,848
MDCVII,1607
MMDCCLVII,2757
MMDCCCLIII,2853
MCMLXXXV,1985
DCCCLXXI,871
MMMCIV,3104
MMCCLXIV,2264
CMXII,912
MDCCXCVII,1797
CCCLXXXV,385
MMMDCCCLII,3852
MMXXVII,2027
DCCLI,751
MCXXVIII,1128
MMMCCCXLVII,3347
MMLXXVII,2077
MMDXXXIX,2539
MMMDCCL,3750
MMMDCXCI,3691
MMMDCXIII,3613
MMMDCLXXIII,3673
CCCXXIX,329
MMMCMXII,3912
CMXCI,991
CMXXXIII,933
MCDXXV,1425
MMDCCLXIX,2769
CCCLXXXVII,387
MMCDLXXIX,2479
MDLI,1551
MCCCVIII,1308
MMDXLI,2541
MMMCCXLIX,3249
CCLXXIX,279
MIV,1004
MMMCCL,3250
MMDLXXII,2572
MMCMIII,2903
MMCCIII,2203
MCDLXII,1462
MMMDCCCIX,3809
MDCXXXII,1632
MMMDCCXIV,3714
MDLXXXI,1581
MMDCCLXXX,2780
MMMCMXIX,3919
CCCLXXI,371
MMCDXC,2490
MMDCCXIII,2713
MCLXXXVII,1187
MCIV,1104
CCCXXI,321
DCXLVI,646
MDCCCLXXIV,1874
DXIII,513
MMMDCCCIII,3803
MCCCLIII,1353
MCDXXIV,1424
DXLIV,544
MMCMLXVIII,2968
MMCDLXXVIII,2478
CCCLXIII,363
CCIV,204
MCDLXI,1461
MDXXXIII,1533
DCLXIV,664
MMMCLXV,3165
MCCCLXXXVIII,1388
MMCCCXXXVII,2337
MMDCCCXLVIII,2848
DCCCXXXVII,837
MXCIV,1094
MMMCCXCII,3292
MDXV,1515
MMDCCCXXXV,2835
MMCLXXVII,2177
MMDCCCXXIX,2829
MMCX,2110
MMMCV,3105
CMXXXII,932
MMMCXLVIII,3148
MMMCCCIX,3309
MXIV,1014
MMMDCCXLVI,3746
MCCCLXXXII,1382
MMCMLIX,2959
MMMCCXXXII,3232
MCLXIX,1169
MMMCXCII,3192
MMCCCV,2305
MMDXCIV,2594
DCCCXV,815
CMLXXII,972
MCCLXXI,1271
MMCCIV,2204
MMCDXLIV,2444
MCLXXIX,1179
MMCCCXCI,2391
MMDXLVIII,2548
MMMCMXXI,3921
MMMDCXXVII,3627
MCDLX,1460
CDXIX,419
MDCCXXXIX,1739
DCCXIX,719
DLXXXI,581
MMCMXXXVII,2937
MCCXLVIII,1248
DCCLXII,762
MMMCMLXXXVI,3986
MDXCVIII,1598
MMMCCVIII,3208
MMDXXVIII,2528
CCXXVI,226
CMX,910
MMDCXLV,2645
MCCCXCII,1392
MMMDLXXXVI,3586
CCLXII,262
DCCLVIII,758
MMCMLXXXII,2982
MCCCLXIV,1364
MCCCVI,1306
MCCLXIV,1264
MMMLXX,3070
MMCDLII,2452
MMCMXLIII,2943
MMMXCVIII,3098
MMMCCIII,3203
MMMCDLXIII,3463
MDCCCXXXIX,1839
CMIX,909
MMDXCIII,2593
MDCCLXXVIII,1778
MMXCVIII,2098
MMMCDLXXV,3475
MDCLXXVI,1676
MMCXXXIII,2133
MCMLXXII,1972
MMLXV,2065
MDXLII,1542
MMCDXCI,2491
MMDCCCXXVIII,2828
MCDXCV,1495
MMDXLVI,2546
MMCMXCVI,2996
MMMLXXIX,3079
MDLXXXII,1582
MDCCL,1750
DLXXXVIII,588
MMCCX,2210
MMVII,2007
CDLXIV,464
MMMCLIII,3153
DCCXXV,725
MMCMXXV,2925
MCML,1950
MMMXLVI,3046
MDCCVIII,1708
MMMCDXLVIII,3448
MMCMLXVI,2966
MMMDCCXXXVI,3736
MMCMXXIII,2923
MMMXXXII,3032
MMMDCCCLX,3860
MMLXXIII,2073
DCXXXIV,634
CCCXCI,391
MMMDLXXII,3572
MMMCCCIII,3303
MMDLXXXIV,2584
MMCLXXVI,2176
DCCCXXII,822
MMCCVI,2206
MMMCXCIII,3193
MMMDCCIV,3704
MMMCCCXXXIII,3333
DXXVII,527
MMMDCCXCI,3791
MCDXLV,1445
CDXCIII,493
MMDCXCIV,2694
MDIX,1509
MMCCLVII,2257
DLVIII,558
MMMDCCCLXXXIII,3883
MMMDCCLVII,3757
MMCCCXXI,2321
MMMDXL,3540
MMMCCCXCI,3391
DCCXXX,730
MMMDVII,3507
MMXLVI,2046
MMMCXI,3111
MMXXXI,2031
MMMCXL,3140
MLXXX,1080
MDCCXX,1720
MCCXIV,1214
MMCMLXXXI,2981
MDCCLXVII,1767
CMXXX,930
MMMDCLXIV,3664
MMMDXXXII,3532
MMCLXVIII,2168
MCMLXXI,1971
MMCXC,2190
MMMCCCXV,3315
DCCCXLVI,846
MMCDXIII,2413
MMCXI,2111
DCCXL,740
DLXIX,569
CCCV,305
MCMXXVI,1926
DCXXXVIII,638
DCCLXXXVIII,788
CDXVI,416
MDCXXIX,1629
MXIX,1019
MDCCXXXVIII,1738
MMMDCCCLXXX,3880
MCLVII,1157
MCXXIV,1124
MDCXCVIII,1698
CMXCII,992
MMDXLIX,2549
MMDXXVII,2527
MMCCCXL,2340
MMMCLXXIX,3179
D,500
MMMDCXCVII,3697
MMCCXCII,2292
MCMVIII,1908
MMMXI,3011
MMMDXCI,3591
DCXL,640
DCLXXII,672
MMMDXII,3512
MMMCCCXLIX,3349
MMMCMLXVII,3967
CCIII,203
MMCMLXIX,2969
MCDII,1402
MMCMLVI,2956
MMDC,2600
DIX,509
CDXLIII,443
DCCLXXXIII,783
MDCCLVI,1756
DCCCLXXXIV,884
MMMCMXX,3920
MMCCLXXIII,2273
MMMDCLXXXIV,3684
MMCMXI,2911
MMDCCLXXI,2771
CCLXXVI,276
CMLXVI,966
CCCXXVII,327
MMCDXXV,2425
MMMDCCLXXII,3772
MMDLVI,2556
MMCCCXCVI,2396
MMCDVI,2406
MMMDXLIII,3543
MDXXI,1521
MMMCMLXXII,3972
DCXXI,621
MCDXLIX,1449
MXLIV,1044
MMMCLXXIII,3173
MMMCLXVIII,3168
DCCLXXIII,773
MMCMXXXI,2931
CDXL,440
MDCCCXI,1811
MMMCCIV,3204
MMDCLXXXIV,2684
MMMDCCCLIV,3854
MMMDCLXV,3665
MMDCXXXVII,2637
MMXLIII,2043
MDCVI,1606
MMMDXXXVII,3537
MCXII,1112
MMCCCLXVII,2367
DCCCLXXVII,877
MMDCCLXXIII,2773
MMMCCXVI,3216
MII,1002
MMCCCLIX,2359
MDCCXIII,1713
MMCLXXVIII,2178
MMMDCCCXCII,3892
MMDCCCXXVII,2827
MMDCXXXIV,2634
CCCXIII,313
MCDLVIII,1458
MMCCXXV,2225
DCCCI,801
MCCCXXXI,1331
MMMCDLXV,3465
MMMCCXI,3211
MDXI,1511
MMMDCCXIX,3719
MMCCCXXV,2325
MMCCCLXXXVI,2386
MMDCLVII,2657
MMDCCC,2800
MMMCMXLIII,3943
CCLXIX,269
CMV,905
CMIII,903
MCDVI,1406
MMMDCCXXXVIII,3738
MDCLXXX,1680
MMCCCLXXVI,2376
MMCXXXIV,2134
MMCCLXVII,2267
CCCXXXII,332
DCCLXVI,766
CDXCI,491
MCCXXVI,1226
MMCMLXX,2970
DCCXIII,713
DCCCLXIX,869
MCMLXXV,1975
MDLIV,1554
MMCMXLII,2942
MDCLXXXVI,1686
MMDCCCLXXXV,2885
MMMD,3500
MDXVI,1516
DLXXXIII,583
MMMCMXI,3911
MCDXLIII,1443
MMDCCCLXXIII,2873
CMLXXXVII,987
MMMDXXXIV,3534
MMMDCCXCII,3792
CMLIX,959
CDXXV,425
MCXCIX,1199
MMDCCCXVI,2816
MMCMXV,2915
MMDCCLXIII,2763
MDCCXCIII,1793
CDXXVI,426
M,1000
MMDCCCLI,2851
MMCDXXXIII,2433
MMMDCCCLXXIII,3873
MCDXLVI,1446
MMXLIX,2049
MMMDCCLXIV,3764
MMMXCIV,3094
MDCCCXXVIII,1828
MCCCXCIX,1399
MMMCDXLVI,3446
MMMDCCVIII,3708
MDLVII,1557
MCCCLI,1351
MMDCXCIX,2699
CDXLVII,447
MMMXIX,3019
CDLXXXVI,486
CCCXCII,392
MMMDCLII,3652
MCCCXLIX,1349
CCCLXXXVIII,388
MMMCDXV,3415
MMMCCLXXXVIII,3288
MMMCCCLXXX,3380
MCCCXV,1315
MMMCCXXV,3225
CMXIII,913
MMCDXCII,2492
MMMCCCLXXXVIII,3388
MMMIX,3009
MMMCCCI,3301
MCCCXXXVI,1336
MCCCLXXVII,1377
CDXXI,421
CCCLXXXIX,389
MMDLXXVIII,2578
MMDCXLVI,2646
MMDCCLXXVIII,2778
MLXVIII,1068
MCCCXCVI,1396
MMMDXXX,3530
MMDLXV,2565
CDXC,490
MMDCCV,2705
CDLXVII,467
CCXXXIII,233
MCMXV,1915
MMDLXXXV,2585
DCCXCVIII,798
MMMCML,3950
CCXCVIII,298
MMMCMXLIV,3944
MMLXXII,2072
CDLIII,453
MDCCCLXV,1865
MDXVIII,1518
MCCCXXXV,1335
MMCDXXII,2422
MMMCIX,3109
MMMDCCCXXII,3822
CDXXXV,435
MCXCIV,1194
CMXXV,925
MMMCDXLIII,3443
DLXXX,580
MDCCCXCIV,1894
MMMDCCCLXXXVIII,3888
MMMDLXVII,3567
MMMDCCCXX,3820
MMMDCCLV,3755
MMCMLXXXVIII,2988
MMDCCCXV,2815
MCLXIV,1164
MDVI,1506
CMII,902
MCCLXXXVIII,1288
MMMLVI,3056
MMMCCIX,3209
MMMXLIII,3043
MMMDCCLXXXI,3781
MMMDCCCV,3805
DCXXXVI,636
MMDIV,2504
DCCLXVII,767
MMCCLXXXIII,2283
MDCCCLXXI,1871
CCXXXVII,237
MXLVII,1047
MMMCLXVI,3166
DCCCXLV,845
MCCCLXXXIX,1389
MMMDLII,3552
MMCCXLIV,2244
MDCCCXXXVII,1837
MMCDXCIX,2499
MCCCXI,1311
MMMDCCCLXX,3870
CCXCII,292
DCCLXXIV,774
CDLIV,454
MMDCXXXI,2631
MDCCCXIX,1819
MMMCMXLII,3942
DLVI,556
CCXXXIX,239
MMDCCCLXXII,2872
MCXVIII,1118
MMDCCCXXVI,2826
MMMDCLXXV,3675
MCCXCVIII,1298
MMMLXVI,3066
CDXCIV,494
MMMCXCI,3191
MMDCCXL,2740
MCDXCIV,1494
MMMDCXC,3690
MMCCLXXXIX,2289
MMMX,3010
MCCIII,1203
MMLXXXV,2085
MMCDXVI,2416
MMMCCLXI,3261
MMMCDLXXXI,3481
MCMX,1910
CDLII,452
MCCCLVI,1356
MCXCVII,1197
DCCCLXI,861
MDCXCIV,1694
MMCCCXLVII,2347
MDCLXIII,1663
DCCCLXIII,863
CCCXCVIII,398
MDCCCXCIX,1899
MMMXCV,3095
DCLXXVI,676
MDCCCLV,1855
MCXXXVI,1136
MCCXVI,1216
MCDLVII,1457
MMDCCXCVI,2796
MCCCLII,1352
MCMXLVI,1946
MCXXXI,1131
MMMDCII,3602
MMMDXXXI,3531
MMDLX,2560
MDCLIV,1654
MMMCLXXXV,3185
CMLXI,961
MCDVII,1407
DCXLVIII,648
MCDXX,1420
MCMXLV,1945
DCLXXIX,679
MMMDLXXXV,3585
MCCIX,1209
MMMLXXX,3080
CDXXXVI,436
MMCCCXXXIV,2334
MMMDCLXXVIII,3678
MMMDCCLXIII,3763
MDCCCLVI,1856
MMMDXXI,3521
MMMCDLXXIV,3474
MDCCCXLIV,1844
MMDXXIII,2523
MMDCCCLVIII,2858
MMCMXLIX,2949
CDXXXI,431
MMDCCCXVII,2817
MMCCXCI,2291
MDCIII,1603
CMXXIX,929
MMMCCV,3205
MMCVII,2107
CCLXXIV,274
CMLXXIX,979
MDCCCLIII,1853
MMCDLXXXIX,2489
MMCCXXVI,2226
MCXXVI,1126
MDCCLXXII,1772
MMDCCCXIV,2814
CCXLVII,247
CCLV,255
MCCCLVIII,1358
MMDLXXVI,2576
DCXXIV,624
MMCCCXII,2312
MLXXXVII,1087
MMMXL,3040
MMMCDLXI,3461
MLXIX,1069
MMMDCCXI,3711
MMDLXXXI,2581
MDCCXVII,1717
MMMDCCXXVI,3726
MMDIII,2503
MDCCLXXVI,1776
MMDCCXLIV,2744
MCCXC,1290
MMMCMXLV,3945
MMCDLXXXVI,2486
MCCCXXXVIII,1338
MCDX,1410
MMDXXXVIII,2538
DCLXXXV,685
MMMCXXXVIII,3138
MMMCDLV,3455
DLXXV,575
MDCCXXXII,1732
MCMXXXIII,1933
MMMDIX,3509
MMMCCLX,3260
CCLXXX,280
MMMDCCLXXXVII,3787
CCXXX,230
MMMDCLXIX,3669
DCCIV,704
DCCCLVI,856
CCCX,310
MMMDCCCLXXXIV,3884
MMMDCXCVIII,3698
MMDXIX,2519
MMCMXLIV,2944
MMCMLXXXVII,2987
MMCCXXXIV,2234
MMMDCCCII,3802
MMMCMVI,3906
DCCCVI,806
DLIX,559
MDCCXXVI,1726
MMCCCXCVII,2397
DCCCLII,852
DCXXII,622
DCCXVI,716
MMMCCVI,3206
MMCCCLVIII,2358
MCMXVII,1917
MMMLXXXII,3082
MMMDCXXXII,3632
MMMDCCCXXXVII,3837
MMMCDXX,3420
MMCCXLV,2245
MMDXXIX,2529
MDCCCLVIII,1858
MMMCMLI,3951
MMDCVIII,2608
MMMDCCCLXXIX,3879
CMXXI,921
MMMCCCV,3305
CCCLX,360
DXCIV,594
MMMDV,3505
MMMCMLXVIII,3968
MCCCLXXX,1380
MMCMLV,2955
DCCLXXXVI,786
DCCCXLIII,843
DLXX,570
MMMDL,3550
MCCCLXXXVII,1387
MCDLXXVII,1477
MMDCCXXXIV,2734
MMDLXXIV,2574
MMCMXXXVI,2936
MMMCDXXXVI,3436
MMCMLIV,2954
MMCCLXXXVIII,2288
MMMLXXXVII,3087
CCCXX,320
MMMCCLXXI,3271
MMMCXXVI,3126
MCCCLVII,1357
MMMDCCLXIX,3769
MMMCCCLVII,3357
MMCCCLXXII,2372
MMMCMLXX,3970
MMCCIX,2209
MMDXCI,2591
MMMCDLXXXVII,3487
MMMDCCCXXXIII,3833
MCXXV,1125
MMMCLXXX,3180
CDLVIII,458
MCMXXIII,1923
DCCCXXVI,826
MMCXIX,2119
MCMLXXVIII,1978
MDCCCXXXVIII,1838
CCLXI,261
MDCCCV,1805
MMMCMLXXIX,3979
CMXC,990
MMCDLVII,2457
DLXII,562
MDCCCXIII,1813
MMMCCXL,3240
MMMDCXII,3612
CMLIV,954
MMMLXXVI,3076
MCCXCII,1292
MMMVI,3006
CCXI,211
MMCCXXXVI,2236
MCCXXXIV,1234
MMMCLXII,3162
MMDLXVII,2567
DCCCL,850
MMMDCL,3650
MCMVI,1906
MDXXIV,1524
MMMLXXIII,3073
MMDCXLII,2642
MMCMXCIX,2999
CDXXIII,423
MCMLXX,1970
MMMDCCXLV,3745
MMXII,2012
MMMXXXVII,3037
MMMLV,3055
MMDCXVI,2616
DCCCXVIII,818
MMMII,3002
MCCLXVII,1267
MDLXVI,1566
MMMCCXXXVIII,3238
MCMV,1905
MCLXXXIV,1184
MDCCLXXV,1775
MCCLXXIII,1273
MMDCCCIII,2803
MDXII,1512
MMCCCIX,2309
CCXC,290
MCDXCVII,1497
CDXXVIII,428
MMDCCLXXXIX,2789
MMCCXXXVII,2237
MMDCCLII,2752
MMDCCXVII,2717
MMCMLXII,2962
MMCCLXIX,2269
MMMLXIX,3069
MMMCCCXXI,3321
MMMDCCXII,3712
MMDCCXVIII,2718
CCLXXI,271
DXXXVIII,538
MMMDCIII,3603
CCCVII,307
DCCLII,752
MCCCLXXVI,1376
MMCXIII,2113
DCCCXXX,830
MDXCI,1591
MMDCXXX,2630
MCMLXXIX,1979
MMCII,2102
MMMDCXXXI,3631
CMXLIII,943
DCXC,690
MMMCCCLXVII,3367
MMCMXCII,2992
MMMCCCLXI,3361
MMMXLIX,3049
MMMDCCXL,3740
DCCLXXII,772
MMCCCLXXXIII,2383
MMCDLX,2460
MCXIV,1114
DLXXIV,574
MMCDLXXIV,2474
DCCCLXXVI,876
MMMDCCLXXXVIII,3788
MMMDLXIII,3563
DCCCLXXVIII,878
CCCXCVI,396
MDCCCLXVIII,1868
CDLXXVIII,478
MMMCDLVII,3457
MMCDXCVIII,2498
MCDLXXXVII,1487
DCCCXXXV,835
DCCCLXXX,880
DCCLXXX,780
CDXXXVII,437
MDCXI,1611
CMLX,960
MMMDCCV,3705
MMMCDXXXVII,3437
MCMXXVIII,1928
MMMCLVII,3157
MMCMLXI,2961
DCXLIII,643
MCCLXXXIV,1284
MMCDLXXXI,2481
MCCXXX,1230
MLXVI,1066
MMCCCXXXV,2335
MMDCCCV,2805
MMCDLV,2455
MMCCCLXXX,2380
MMCCXXIII,2223
CCCXIX,319
MCMLXVI,1966
MMMDCCXXXVII,3737
MMMCCCXXXIX,3339
MDCCCVIII,1808
DCCXCVII,797
MMCCLXXII,2272
MMCMLX,2960
MMMCDIII,3403
MDCCCLXXXV,1885
CCCLXV,365
MCIII,1103
MMDCCCLXXVIII,2878
MMMDCCCXVII,3817
MMMDCLXXVII,3677
MMCCCLXXXVII,2387
MMMCMXXXVIII,3938
MVI,1006
MMCDIV,2404
MLXVII,1067
MCDI,1401
DCCCII,802
MMMCCCXXXII,3332
CCLVII,257
MMMCCLXXXVII,3287
MMDCCCLX,2860
MMCI,2101
MMMDCCLXXIII,3773
MDCXLI,1641
MDCCXLVIII,1748
MMMDCCXXVII,3727
MMMDXLIV,3544
MCDLXXX,1480
CMLXXIII,973
MMCCCXLV,2345
DCLXXXI,681
MMMDCCCXXI,3821
MDXLVII,1547
CDXXXII,432
CCCXCV,395
MDCCXXIII,1723
MDCXXIV,1624
MMMCCCXXXIV,3334
CCCXXXVII,337
MMCDXXIII,2423
MMMLXVII,3067
MDCXXXVI,1636
MMXLV,2045
MMMDCCXXVIII,3728
DCCLXX,770
MDCXIV,1614
DCLXII,662
MDCCI,1701
MMMCDXCVIII,3498
MMDCLXVI,2666
MMDCLIV,2654
MMMCCXCI,3291
MMDCLII,2652
MMCCLXXIV,2274
CCCXVIII,318
MMCDLXXVI,2476
MCMXIII,1913
MMCMXXXII,2932
CMLXXXIII,983
MCMI,1901
MMMCDXXIV,3424
CCCXVII,317
MMCDXLIX,2449
MCDLXIII,1463
MMXXXIX,2039
DCCLIX,759
DCLXIII,663
MMMCCCLXXXVI,3386
MMLXXXIV,2084
MDXCIII,1593
DCCXLI,741
MMCLXV,2165
MIII,1003
MMMDCCCXLVII,3847
MMMDCXCIV,3694
MMXXVIII,2028
MMDCCXCV,2795
DCCCXIX,819
MDCX,1610
DCCXXIX,729
MMMCLXI,3161
CMXI,911
MCCXV,1215
MCLXX,1170
DCCCLIX,859
MMCLXXXIV,2184
MCCCXLV,1345
MLXV,1065
CCLX,260
MMMDCCCXXXVI,3836
DCCCLXXIV,874
MMMDCCLI,3751
MCDLII,1452
CCCXLV,345
MMMCLXXXIII,3183
MMMCMXLIX,3949
MMDCCCLXXVII,2877
MMDCCXXII,2722
MMLXI,2061
MMMCCLXXX,3280
MMCDXXX,2430
DCLII,652
DCCXII,712
CDXXXIII,433
MDCLXXXIV,1684
MMDLI,2551
DCLVII,657
MDXXV,1525
MLXI,1061
MDCCCXLVIII,1848
MCDXXXII,1432
MMMCDXXVI,3426
MLXIV,1064
MMDCCXLI,2741
DCXLVII,647
MMDCI,2601
MXXXVIII,1038
MDLVIII,1558
MMMDCCCLV,3855
MMMCMV,3905
MDCXXV,1625
MCDXXXI,1431
MCCCLXXIII,1373
MCLXXIII,1173
MMDCXXIX,2629
DVI,506
MMMCDXIII,3413
MMDCCLXII,2762
DLXXXIV,584
DII,502
MMMCCCXCIII,3393
DI,501
MCCCLXVIII,1368
MMMDCCLXXXIV,3784
MCCXXXV,1235
MDCCCLXXXVI,1886
MMCCXXXIX,2239
MMMCXCVIII,3198
MMCXXVI,2126
MMDCLXX,2670
MCXXX,1130
MMCCCLXXIX,2379
MMCCXL,2240
MMMCMLIX,3959
CDXXVII,427
MDCCXCV,1795
MMMDCCCXIV,3814
MDCXXXIX,1639
MMMCMLXXVIII,3978
MMMDCXLIII,3643
MMMCCXCV,3295
MLXIII,1063
MCCXXXII,1232
MMMCMLXII,3962
MMIII,2003
MMDCXXV,2625
MCCCLXXXIII,1383
CCCLII,352
MMDXXVI,2526
MMDCXXXIII,2633
MMMDCCLX,3760
MMMCLXXI,3171
MMDCCCXXIII,2823
CMLXII,962
MMCMXXVIII,2928
MMCDLXVI,2466
CCCXXXV,335
DCCXXXIX,739
MMDCCXXVII,2727
MMDLXI,2561
MMCIII,2103
MDCCCLVII,1857
MCCCLXXVIII,1378
DCCLXXXVII,787
MDXXXV,1535
MDCCXXVIII,1728
MMCCCLX,2360
MMDCCLXIV,2764
MCMIII,1903
DCCCXXI,821
MMMCMLXXI,3971
MMC,2100
MMMCL,3150
DXLVII,547
MCXVII,1117
MDCCCIX,1809
MMMCMLXI,3961
CCXVIII,218
MCDXXVIII,1428
MMMCXLVII,3147
CCCLXXXVI,386
MCMLIX,1959
MCCCLXVI,1366
MMMCCCXXV,3325
